{
  "project_info": {
    "project_number": "79560033439",
    "project_id": "simptoken-de746",
    "storage_bucket": "simptoken-de746.appspot.com"
  },
  "client": [
    {
      "client_info": {
        "mobilesdk_app_id": "1:79560033439:android:a310c51beb4271d406ceaa",
        "android_client_info": {
          "package_name": "com.example.simp_token_app"
        }
      },
      "oauth_client": [],
      "api_key": [
        {
          "current_key": "AIzaSyDYivX5TVRW1lD0jLf2IhYFymw6KtoiStI"
        }
      ],
      "services": {
        "appinvite_service": {
          "other_platform_oauth_client": []
        }
      }
    }
  ],
  "configuration_version": "1"
}