{
  "project_info": {
    "project_number": "41611154495",
    "project_id": "simptoken-b815a",
    "storage_bucket": "simptoken-b815a.appspot.com"
  },
  "client": [
    {
      "client_info": {
        "mobilesdk_app_id": "1:41611154495:android:91276cefab0e6e209fd48a",
        "android_client_info": {
          "package_name": "com.example.ecommerce_admin"
        }
      },
      "oauth_client": [],
      "api_key": [
        {
          "current_key": "AIzaSyDWjB7QelozZWt_40gbDd7EL0zoYxM1A0w"
        }
      ],
      "services": {
        "appinvite_service": {
          "other_platform_oauth_client": []
        }
      }
    },
    {
      "client_info": {
        "mobilesdk_app_id": "1:41611154495:android:a3328f78769c41c69fd48a",
        "android_client_info": {
          "package_name": "com.example.simp_token"
        }
      },
      "oauth_client": [],
      "api_key": [
        {
          "current_key": "AIzaSyDWjB7QelozZWt_40gbDd7EL0zoYxM1A0w"
        }
      ],
      "services": {
        "appinvite_service": {
          "other_platform_oauth_client": []
        }
      }
    },
    {
      "client_info": {
        "mobilesdk_app_id": "1:41611154495:android:3cacc25c8197fd839fd48a",
        "android_client_info": {
          "package_name": "com.example.simp_token_app"
        }
      },
      "oauth_client": [],
      "api_key": [
        {
          "current_key": "AIzaSyDWjB7QelozZWt_40gbDd7EL0zoYxM1A0w"
        }
      ],
      "services": {
        "appinvite_service": {
          "other_platform_oauth_client": []
        }
      }
    }
  ],
  "configuration_version": "1"
}